<TextureAtlas name="EXPLOSAO_SOZINHA_FIM_1_7_60FPS_mais_espaco_frames" imagePath="texture.png">
  <SubTexture name="filete_branco_1" x="980" y="189" width="13" height="4"/>
  <SubTexture name="filete_amarelo_1" x="980" y="183" width="13" height="4"/>
  <SubTexture name="filete_laranja_1" x="980" y="177" width="13" height="4"/>
  <SubTexture name="ff14" x="963" y="50" width="48" height="38"/>
  <SubTexture name="ff8" x="949" y="312" width="53" height="14"/>
  <SubTexture name="ff13" x="588" y="827" width="85" height="43"/>
  <SubTexture name="ff10" x="949" y="272" width="62" height="38"/>
  <SubTexture name="ff7" x="963" y="0" width="52" height="48"/>
  <SubTexture name="ff4" x="963" y="90" width="37" height="41"/>
  <SubTexture name="ff2" x="1013" y="81" width="8" height="6"/>
  <SubTexture name="ff12" x="996" y="176" width="12" height="36"/>
  <SubTexture name="ff9" x="1013" y="50" width="9" height="29"/>
  <SubTexture name="ff6" x="1002" y="90" width="15" height="46"/>
  <SubTexture name="ff3" x="986" y="214" width="36" height="36"/>
  <SubTexture name="ff1" x="1010" y="176" width="11" height="19"/>
  <SubTexture name="f7" x="963" y="207" width="21" height="20"/>
  <SubTexture name="ff11" x="949" y="328" width="39" height="26"/>
  <SubTexture name="f5" x="702" y="238" width="35" height="32"/>
  <SubTexture name="f4" x="949" y="242" width="33" height="28"/>
  <SubTexture name="f3" x="963" y="133" width="31" height="42"/>
  <SubTexture name="f2" x="996" y="138" width="20" height="36"/>
  <SubTexture name="f1" x="963" y="177" width="15" height="28"/>
  <SubTexture name="EXP23" x="489" y="238" width="211" height="234"/>
  <SubTexture name="EXP22" x="742" y="0" width="219" height="240"/>
  <SubTexture name="EXP21" x="508" y="0" width="232" height="236"/>
  <SubTexture name="EXP20" x="0" y="0" width="254" height="235"/>
  <SubTexture name="EXP19" x="256" y="0" width="250" height="234"/>
  <SubTexture name="EXP18" x="256" y="236" width="231" height="221"/>
  <SubTexture name="EXP17" x="702" y="445" width="203" height="206"/>
  <SubTexture name="EXP16" x="739" y="242" width="208" height="201"/>
  <SubTexture name="EXP15" x="0" y="452" width="204" height="197"/>
  <SubTexture name="EXP14" x="206" y="459" width="198" height="200"/>
  <SubTexture name="EXP13" x="483" y="474" width="194" height="196"/>
  <SubTexture name="EXP12" x="0" y="237" width="235" height="213"/>
  <SubTexture name="EXP11" x="0" y="651" width="170" height="188"/>
  <SubTexture name="EXP10" x="679" y="653" width="165" height="180"/>
  <SubTexture name="EXP9" x="172" y="661" width="161" height="172"/>
  <SubTexture name="EXP8" x="335" y="661" width="146" height="171"/>
  <SubTexture name="EXP7" x="483" y="672" width="133" height="153"/>
  <SubTexture name="EXP6" x="846" y="702" width="117" height="137"/>
  <SubTexture name="EXP5" x="907" y="445" width="111" height="128"/>
  <SubTexture name="EXP4" x="907" y="575" width="105" height="125"/>
  <SubTexture name="EXP3" x="483" y="827" width="103" height="114"/>
  <SubTexture name="EXP2" x="335" y="834" width="92" height="101"/>
  <SubTexture name="EXP1" x="406" y="459" width="75" height="81"/>
</TextureAtlas>